Workbook

Sheet Test1_ PrimaryStatVariance - A
A1: Name: Test1 | B1: Bonus (*X) | C1: Constitution | D1: Hit Points | E1: Exousia Capacity | F1: Strength | G1: Physical Damage | H1: Critical Hit Damage | I1: Dexterity | J1: Critical Hit Rate | K1: Accuracy | L1: Resonance | M1: Exousia Defense | N1: Exousia Recovery | O1: Agility | P1: Initiative | Q1: Evasion
A2: Modifier (*Y) | B2: LULZ | C2: 1 | D2: 2 | E2: 2 | F2: 1 | G2: 2.5 | H2: 1.5 | I2: 1 | J2: 1 | K2: 3 | L2: 1 | M2: 2.5 | N2: 1.5 | O2: 1 | P2: 1 | Q2: 3
A3: Level 1 - Base | B3: 1 | C3: 5 | D3: =C3*D2*$B3 -> 10 | E3: =C3*E2*$B3 -> 10 | F3: 5 | G3: =F3*G2*$B3 -> 12.5 | H3: =F3*H2*$B3 -> 7.5 | I3: 5 | J3: =I3*J2*$B3 -> 5 | K3: =I3*K$2*$B3 -> 15 | L3: 5 | M3: =L3*M2*$B3 -> 12.5 | N3: =N2*L3*$B3 -> 7.5 | O3: 5 | P3: =O3*P2*$B3 -> 5 | Q3: =Q2*O3*$B3 -> 15
A4: Level 1 - Max | B4: 1.1 | C4: =C3*$B4 -> 5.5 | D4: =C4*D$2*$B4 -> 12.1 | E4: =C4*$E$2*$B4 -> 12.1 | F4: =F3*$B4 -> 5.5 | G4: =F4*G$2*$B4 -> 15.125 | H4: =F4*$H$2*$B4 -> 9.075 | I4: =I3*$B4 -> 5.5 | J4: =I4*J$2*$B4 -> 6.05 | K4: =I4*K$2*$B4 -> 18.15 | L4: =L3*$B4 -> 5.5 | M4: =L4*M$2*$B4 -> 15.125 | N4: =L4*N$2*$B4 -> 9.075 | O4: =O3*$B4 -> 5.5 | P4: =O4*P$2*$B4 -> 6.05 | Q4: =O4*Q$2*$B4 -> 18.15
A5: Level 5 - Base | B5: 1 | C5: 20 | D5: =C5*D$2*$B5 -> 40 | E5: =C5*$E$2*$B5 -> 40 | F5: 20 | G5: =F5*G$2*$B5 -> 50 | H5: =F5*$H$2*$B5 -> 30 | I5: 20 | J5: =I5*J$2*$B5 -> 20 | K5: =I5*K$2*$B5 -> 60 | L5: 20 | M5: =L5*M$2*$B5 -> 50 | N5: =L5*N$2*$B5 -> 30 | O5: 20 | P5: =O5*P$2*$B5 -> 20 | Q5: =O5*Q$2*$B5 -> 60
A6: Level 5 - Max | B6: 1.2 | C6: =C5*$B6 -> 24 | D6: =C6*D$2*$B6 -> 57.6 | E6: =C6*$E$2*$B6 -> 57.6 | F6: =F5*$B6 -> 24 | G6: =F6*G$2*$B6 -> 72 | H6: =F6*$H$2*$B6 -> 43.2 | I6: =I5*$B6 -> 24 | J6: =I6*J$2*$B6 -> 28.8 | K6: =I6*K$2*$B6 -> 86.4 | L6: =L5*$B6 -> 24 | M6: =L6*M$2*$B6 -> 72 | N6: =L6*N$2*$B6 -> 43.2 | O6: =O5*$B6 -> 24 | P6: =O6*P$2*$B6 -> 28.8 | Q6: =O6*Q$2*$B6 -> 86.4
A7: Level 10 - Base | B7: 1 | C7: 30 | D7: =C7*D$2*$B7 -> 60 | E7: =C7*$E$2*$B7 -> 60 | F7: 30 | G7: =F7*G$2*$B7 -> 75 | H7: =F7*$H$2*$B7 -> 45 | I7: 30 | J7: =I7*J$2*$B7 -> 30 | K7: =I7*K$2*$B7 -> 90 | L7: 30 | M7: =L7*M$2*$B7 -> 75 | N7: =L7*N$2*$B7 -> 45 | O7: 30 | P7: =O7*P$2*$B7 -> 30 | Q7: =O7*Q$2*$B7 -> 90
A8: Level 10 - Max | B8: 1.3 | C8: =C7*$B8 -> 39 | D8: =C8*D$2*$B8 -> 101.4 | E8: =C8*$E$2*$B8 -> 101.4 | F8: =F7*$B8 -> 39 | G8: =F8*G$2*$B8 -> 126.75 | H8: =F8*$H$2*$B8 -> 76.05 | I8: =I7*$B8 -> 39 | J8: =I8*J$2*$B8 -> 50.7 | K8: =I8*K$2*$B8 -> 152.1 | L8: =L7*$B8 -> 39 | M8: =L8*M$2*$B8 -> 126.75 | N8: =L8*N$2*$B8 -> 76.05 | O8: =O7*$B8 -> 39 | P8: =O8*P$2*$B8 -> 50.7 | Q8: =O8*Q$2*$B8 -> 152.1
A9: Level 20 - Base | B9: 1 | C9: 50 | D9: =C9*D$2*$B9 -> 100 | E9: =C9*$E$2*$B9 -> 100 | F9: 50 | G9: =F9*G$2*$B9 -> 125 | H9: =F9*$H$2*$B9 -> 75 | I9: 50 | J9: =I9*J$2*$B9 -> 50 | K9: =I9*K$2*$B9 -> 150 | L9: 50 | M9: =L9*M$2*$B9 -> 125 | N9: =L9*N$2*$B9 -> 75 | O9: 50 | P9: =O9*P$2*$B9 -> 50 | Q9: =O9*Q$2*$B9 -> 150
A10: Level 20 - Max | B10: 1.4 | C10: =C9*$B10 -> 70 | D10: =C10*D$2*$B10 -> 196 | E10: =C10*$E$2*$B10 -> 196 | F10: =F9*$B10 -> 70 | G10: =F10*G$2*$B10 -> 245 | H10: =F10*$H$2*$B10 -> 147 | I10: =I9*$B10 -> 70 | J10: =I10*J$2*$B10 -> 98 | K10: =I10*K$2*$B10 -> 294 | L10: =L9*$B10 -> 70 | M10: =L10*M$2*$B10 -> 245 | N10: =L10*N$2*$B10 -> 147 | O10: =O9*$B10 -> 70 | P10: =O10*P$2*$B10 -> 98 | Q10: =O10*Q$2*$B10 -> 294
A11: Level 30 - Base | B11: 1 | C11: 100 | D11: =C11*D$2*$B11 -> 200 | E11: =C11*$E$2*$B11 -> 200 | F11: 100 | G11: =F11*G$2*$B11 -> 250 | H11: =F11*$H$2*$B11 -> 150 | I11: 100 | J11: =I11*J$2*$B11 -> 100 | K11: =I11*K$2*$B11 -> 300 | L11: 100 | M11: =L11*M$2*$B11 -> 250 | N11: =L11*N$2*$B11 -> 150 | O11: 100 | P11: =O11*P$2*$B11 -> 100 | Q11: =O11*Q$2*$B11 -> 300
A12: Level 30 - Max | B12: 1.5 | C12: =C11*$B12 -> 150 | D12: =C12*D$2*$B12 -> 450 | E12: =C12*$E$2*$B12 -> 450 | F12: =F11*$B12 -> 150 | G12: =F12*G$2*$B12 -> 562.5 | H12: =F12*$H$2*$B12 -> 337.5 | I12: =I11*$B12 -> 150 | J12: =I12*J$2*$B12 -> 225 | K12: =I12*K$2*$B12 -> 675 | L12: =L11*$B12 -> 150 | M12: =L12*M$2*$B12 -> 562.5 | N12: =L12*N$2*$B12 -> 337.5 | O12: =O11*$B12 -> 150 | P12: =O12*P$2*$B12 -> 225 | Q12: =O12*Q$2*$B12 -> 675
A13: Level 40 - Base | B13: 1 | C13: 150 | D13: =C13*D$2*$B13 -> 300 | E13: =C13*$E$2*$B13 -> 300 | F13: 150 | G13: =F13*G$2*$B13 -> 375 | H13: =F13*$H$2*$B13 -> 225 | I13: 150 | J13: =I13*J$2*$B13 -> 150 | K13: =I13*K$2*$B13 -> 450 | L13: 150 | M13: =L13*M$2*$B13 -> 375 | N13: =L13*N$2*$B13 -> 225 | O13: 150 | P13: =O13*P$2*$B13 -> 150 | Q13: =O13*Q$2*$B13 -> 450
A14: Level 40 - Max | B14: 1.6 | C14: =C13*$B14 -> 240 | D14: =C14*D$2*$B14 -> 768 | E14: =C14*$E$2*$B14 -> 768 | F14: =F13*$B14 -> 240 | G14: =F14*G$2*$B14 -> 960 | H14: =F14*$H$2*$B14 -> 576 | I14: =I13*$B14 -> 240 | J14: =I14*J$2*$B14 -> 384 | K14: =I14*K$2*$B14 -> 1152 | L14: =L13*$B14 -> 240 | M14: =L14*M$2*$B14 -> 960 | N14: =L14*N$2*$B14 -> 576 | O14: =O13*$B14 -> 240 | P14: =O14*P$2*$B14 -> 384 | Q14: =O14*Q$2*$B14 -> 1152
A15: Level 50 - Base | B15: 1 | C15: 200 | D15: =C15*D$2*$B15 -> 400 | E15: =C15*$E$2*$B15 -> 400 | F15: 200 | G15: =F15*G$2*$B15 -> 500 | H15: =F15*$H$2*$B15 -> 300 | I15: 200 | J15: =I15*J$2*$B15 -> 200 | K15: =I15*K$2*$B15 -> 600 | L15: 200 | M15: =L15*M$2*$B15 -> 500 | N15: =L15*N$2*$B15 -> 300 | O15: 200 | P15: =O15*P$2*$B15 -> 200 | Q15: =O15*Q$2*$B15 -> 600
A16: Level 50 - Max | B16: 1.7 | C16: =C15*$B16 -> 340 | D16: =C16*D$2*$B16 -> 1156 | E16: =C16*$E$2*$B16 -> 1156 | F16: =F15*$B16 -> 340 | G16: =F16*G$2*$B16 -> 1445 | H16: =F16*$H$2*$B16 -> 867 | I16: =I15*$B16 -> 340 | J16: =I16*J$2*$B16 -> 578 | K16: =I16*K$2*$B16 -> 1734 | L16: =L15*$B16 -> 340 | M16: =L16*M$2*$B16 -> 1445 | N16: =L16*N$2*$B16 -> 867 | O16: =O15*$B16 -> 340 | P16: =O16*P$2*$B16 -> 578 | Q16: =O16*Q$2*$B16 -> 1734
A17: Level 70 - Base | B17: 1 | C17: 300 | D17: =C17*D$2*$B17 -> 600 | E17: =C17*$E$2*$B17 -> 600 | F17: 300 | G17: =F17*G$2*$B17 -> 750 | H17: =F17*$H$2*$B17 -> 450 | I17: 300 | J17: =I17*J$2*$B17 -> 300 | K17: =I17*K$2*$B17 -> 900 | L17: 300 | M17: =L17*M$2*$B17 -> 750 | N17: =L17*N$2*$B17 -> 450 | O17: 300 | P17: =O17*P$2*$B17 -> 300 | Q17: =O17*Q$2*$B17 -> 900
A18: Level 70 - Max | B18: 1.8 | C18: =C17*$B18 -> 540 | D18: =C18*D$2*$B18 -> 1944 | E18: =C18*$E$2*$B18 -> 1944 | F18: =F17*$B18 -> 540 | G18: =F18*G$2*$B18 -> 2430 | H18: =F18*$H$2*$B18 -> 1458 | I18: =I17*$B18 -> 540 | J18: =I18*J$2*$B18 -> 972 | K18: =I18*K$2*$B18 -> 2916 | L18: =L17*$B18 -> 540 | M18: =L18*M$2*$B18 -> 2430 | N18: =L18*N$2*$B18 -> 1458 | O18: =O17*$B18 -> 540 | P18: =O18*P$2*$B18 -> 972 | Q18: =O18*Q$2*$B18 -> 2916
A19: Level 90 - Base | B19: 1 | C19: 400 | D19: =C19*D$2*$B19 -> 800 | E19: =C19*$E$2*$B19 -> 800 | F19: 400 | G19: =F19*G$2*$B19 -> 1000 | H19: =F19*$H$2*$B19 -> 600 | I19: 400 | J19: =I19*J$2*$B19 -> 400 | K19: =I19*K$2*$B19 -> 1200 | L19: 400 | M19: =L19*M$2*$B19 -> 1000 | N19: =L19*N$2*$B19 -> 600 | O19: 400 | P19: =O19*P$2*$B19 -> 400 | Q19: =O19*Q$2*$B19 -> 1200
A20: Level 90 - Max | B20: 1.9 | C20: =C19*$B20 -> 760 | D20: =C20*D$2*$B20 -> 2888 | E20: =C20*$E$2*$B20 -> 2888 | F20: =F19*$B20 -> 760 | G20: =F20*G$2*$B20 -> 3610 | H20: =F20*$H$2*$B20 -> 2166 | I20: =I19*$B20 -> 760 | J20: =I20*J$2*$B20 -> 1444 | K20: =I20*K$2*$B20 -> 4332 | L20: =L19*$B20 -> 760 | M20: =L20*M$2*$B20 -> 3610 | N20: =L20*N$2*$B20 -> 2166 | O20: =O19*$B20 -> 760 | P20: =O20*P$2*$B20 -> 1444 | Q20: =O20*Q$2*$B20 -> 4332
A21: Level 100 - Base | B21: 1 | C21: 500 | D21: =C21*D$2*$B21 -> 1000 | E21: =C21*$E$2*$B21 -> 1000 | F21: 500 | G21: =F21*G$2*$B21 -> 1250 | H21: =F21*$H$2*$B21 -> 750 | I21: 500 | J21: =I21*J$2*$B21 -> 500 | K21: =I21*K$2*$B21 -> 1500 | L21: 500 | M21: =L21*M$2*$B21 -> 1250 | N21: =L21*N$2*$B21 -> 750 | O21: 500 | P21: =O21*P$2*$B21 -> 500 | Q21: =O21*Q$2*$B21 -> 1500
A22: Level 100 - Max | B22: 2 | C22: =C21*$B22 -> 1000 | D22: =C22*D$2*$B22 -> 4000 | E22: =C22*$E$2*$B22 -> 4000 | F22: =F21*$B22 -> 1000 | G22: =F22*G$2*$B22 -> 5000 | H22: =F22*$H$2*$B22 -> 3000 | I22: =I21*$B22 -> 1000 | J22: =I22*J$2*$B22 -> 2000 | K22: =I22*K$2*$B22 -> 6000 | L22: =L21*$B22 -> 1000 | M22: =L22*M$2*$B22 -> 5000 | N22: =L22*N$2*$B22 -> 3000 | O22: =O21*$B22 -> 1000 | P22: =O22*P$2*$B22 -> 2000 | Q22: =O22*Q$2*$B22 -> 6000

Sheet Test2_ PrimaryStatScaling - A
A1: Name: Test2 | B1: Bonus (*X) | C1: Constitution | D1: Hit Points | E1: Exousia Capacity | F1: Strength | G1: Physical Damage | H1: Critical Hit Damage | I1: Dexterity | J1: Critical Hit Rate | K1: Accuracy | L1: Resonance | M1: Exousia Defense | N1: Exousia Recovery | O1: Agility | P1: Initiative | Q1: Evasion
A2: Modifier (*Y) | B2: LULZ | C2: 1 | D2: 2 | E2: 2 | F2: 1 | G2: 2.5 | H2: 1.5 | I2: 1 | J2: 1 | K2: 3 | L2: 1 | M2: 2.5 | N2: 1.5 | O2: 1 | P2: 1 | Q2: 3
A3: Level 1 - Base | B3: 1 | C3: 5 | D3: =C3*D2*$B3 -> 10 | E3: =C3*E2*$B3 -> 10 | F3: 5 | G3: =F3*G2*$B3 -> 12.5 | H3: =F3*H2*$B3 -> 7.5 | I3: 5 | J3: =I3*J2*$B3 -> 5 | K3: =I3*K$2*$B3 -> 15 | L3: 5 | M3: =L3*M2*$B3 -> 12.5 | N3: =N2*L3*$B3 -> 7.5 | O3: 5 | P3: =O3*P2*$B3 -> 5 | Q3: =Q2*O3*$B3 -> 15
A4: Level 1 - Max | B4: 1.1 | C4: =C3*$B4 -> 5.5 | D4: =C4*D$2*$B4 -> 12.1 | E4: =C4*$E$2*$B4 -> 12.1 | F4: =F3*$B4 -> 5.5 | G4: =F4*G$2*$B4 -> 15.125 | H4: =F4*$H$2*$B4 -> 9.075 | I4: =I3*$B4 -> 5.5 | J4: =I4*J$2*$B4 -> 6.05 | K4: =I4*K$2*$B4 -> 18.15 | L4: =L3*$B4 -> 5.5 | M4: =L4*M$2*$B4 -> 15.125 | N4: =L4*N$2*$B4 -> 9.075 | O4: =O3*$B4 -> 5.5 | P4: =O4*P$2*$B4 -> 6.05 | Q4: =O4*Q$2*$B4 -> 18.15
A5: Level 5 - Base | B5: 1 | C5: =C3*4 -> 20 | D5: =C5*D$2*$B5 -> 40 | E5: =C5*$E$2*$B5 -> 40 | F5: =F3*4 -> 20 | G5: =F5*G$2*$B5 -> 50 | H5: =F5*$H$2*$B5 -> 30 | I5: =I3*4 -> 20 | J5: =I5*J$2*$B5 -> 20 | K5: =I5*K$2*$B5 -> 60 | L5: =L3*4 -> 20 | M5: =L5*M$2*$B5 -> 50 | N5: =L5*N$2*$B5 -> 30 | O5: =O3*4 -> 20 | P5: =O5*P$2*$B5 -> 20 | Q5: =O5*Q$2*$B5 -> 60
A6: Level 5 - Max | B6: 1.2 | C6: =C5*$B6 -> 24 | D6: =C6*D$2*$B6 -> 57.6 | E6: =C6*$E$2*$B6 -> 57.6 | F6: =F5*$B6 -> 24 | G6: =F6*G$2*$B6 -> 72 | H6: =F6*$H$2*$B6 -> 43.2 | I6: =I5*$B6 -> 24 | J6: =I6*J$2*$B6 -> 28.8 | K6: =I6*K$2*$B6 -> 86.4 | L6: =L5*$B6 -> 24 | M6: =L6*M$2*$B6 -> 72 | N6: =L6*N$2*$B6 -> 43.2 | O6: =O5*$B6 -> 24 | P6: =O6*P$2*$B6 -> 28.8 | Q6: =O6*Q$2*$B6 -> 86.4
A7: Level 10 - Base | B7: 1 | C7: =C5*1.5 -> 30 | D7: =C7*D$2*$B7 -> 60 | E7: =C7*$E$2*$B7 -> 60 | F7: =F5*1.5 -> 30 | G7: =F7*G$2*$B7 -> 75 | H7: =F7*$H$2*$B7 -> 45 | I7: =I5*1.5 -> 30 | J7: =I7*J$2*$B7 -> 30 | K7: =I7*K$2*$B7 -> 90 | L7: =L5*1.5 -> 30 | M7: =L7*M$2*$B7 -> 75 | N7: =L7*N$2*$B7 -> 45 | O7: =O5*1.5 -> 30 | P7: =O7*P$2*$B7 -> 30 | Q7: =O7*Q$2*$B7 -> 90
A8: Level 10 - Max | B8: 1.3 | C8: =C7*$B8 -> 39 | D8: =C8*D$2*$B8 -> 101.4 | E8: =C8*$E$2*$B8 -> 101.4 | F8: =F7*$B8 -> 39 | G8: =F8*G$2*$B8 -> 126.75 | H8: =F8*$H$2*$B8 -> 76.05 | I8: =I7*$B8 -> 39 | J8: =I8*J$2*$B8 -> 50.7 | K8: =I8*K$2*$B8 -> 152.1 | L8: =L7*$B8 -> 39 | M8: =L8*M$2*$B8 -> 126.75 | N8: =L8*N$2*$B8 -> 76.05 | O8: =O7*$B8 -> 39 | P8: =O8*P$2*$B8 -> 50.7 | Q8: =O8*Q$2*$B8 -> 152.1
A9: Level 20 - Base | B9: 1 | C9: =C7*5/3 -> 50 | D9: =C9*D$2*$B9 -> 100 | E9: =C9*$E$2*$B9 -> 100 | F9: =F7*5/3 -> 50 | G9: =F9*G$2*$B9 -> 125 | H9: =F9*$H$2*$B9 -> 75 | I9: =I7*5/3 -> 50 | J9: =I9*J$2*$B9 -> 50 | K9: =I9*K$2*$B9 -> 150 | L9: =L7*5/3 -> 50 | M9: =L9*M$2*$B9 -> 125 | N9: =L9*N$2*$B9 -> 75 | O9: =O7*5/3 -> 50 | P9: =O9*P$2*$B9 -> 50 | Q9: =O9*Q$2*$B9 -> 150
A10: Level 20 - Max | B10: 1.4 | C10: =C9*$B10 -> 70 | D10: =C10*D$2*$B10 -> 196 | E10: =C10*$E$2*$B10 -> 196 | F10: =F9*$B10 -> 70 | G10: =F10*G$2*$B10 -> 245 | H10: =F10*$H$2*$B10 -> 147 | I10: =I9*$B10 -> 70 | J10: =I10*J$2*$B10 -> 98 | K10: =I10*K$2*$B10 -> 294 | L10: =L9*$B10 -> 70 | M10: =L10*M$2*$B10 -> 245 | N10: =L10*N$2*$B10 -> 147 | O10: =O9*$B10 -> 70 | P10: =O10*P$2*$B10 -> 98 | Q10: =O10*Q$2*$B10 -> 294
A11: Level 30 - Base | B11: 1 | C11: =C9*2 -> 100 | D11: =C11*D$2*$B11 -> 200 | E11: =C11*$E$2*$B11 -> 200 | F11: =F9*2 -> 100 | G11: =F11*G$2*$B11 -> 250 | H11: =F11*$H$2*$B11 -> 150 | I11: =I9*2 -> 100 | J11: =I11*J$2*$B11 -> 100 | K11: =I11*K$2*$B11 -> 300 | L11: =L9*2 -> 100 | M11: =L11*M$2*$B11 -> 250 | N11: =L11*N$2*$B11 -> 150 | O11: =O9*2 -> 100 | P11: =O11*P$2*$B11 -> 100 | Q11: =O11*Q$2*$B11 -> 300
A12: Level 30 - Max | B12: 1.5 | C12: =C11*$B12 -> 150 | D12: =C12*D$2*$B12 -> 450 | E12: =C12*$E$2*$B12 -> 450 | F12: =F11*$B12 -> 150 | G12: =F12*G$2*$B12 -> 562.5 | H12: =F12*$H$2*$B12 -> 337.5 | I12: =I11*$B12 -> 150 | J12: =I12*J$2*$B12 -> 225 | K12: =I12*K$2*$B12 -> 675 | L12: =L11*$B12 -> 150 | M12: =L12*M$2*$B12 -> 562.5 | N12: =L12*N$2*$B12 -> 337.5 | O12: =O11*$B12 -> 150 | P12: =O12*P$2*$B12 -> 225 | Q12: =O12*Q$2*$B12 -> 675
A13: Level 40 - Base | B13: 1 | C13: =C11*1.5 -> 150 | D13: =C13*D$2*$B13 -> 300 | E13: =C13*$E$2*$B13 -> 300 | F13: =F11*1.5 -> 150 | G13: =F13*G$2*$B13 -> 375 | H13: =F13*$H$2*$B13 -> 225 | I13: =I11*1.5 -> 150 | J13: =I13*J$2*$B13 -> 150 | K13: =I13*K$2*$B13 -> 450 | L13: =L11*1.5 -> 150 | M13: =L13*M$2*$B13 -> 375 | N13: =L13*N$2*$B13 -> 225 | O13: =O11*1.5 -> 150 | P13: =O13*P$2*$B13 -> 150 | Q13: =O13*Q$2*$B13 -> 450
A14: Level 40 - Max | B14: 1.6 | C14: =C13*$B14 -> 240 | D14: =C14*D$2*$B14 -> 768 | E14: =C14*$E$2*$B14 -> 768 | F14: =F13*$B14 -> 240 | G14: =F14*G$2*$B14 -> 960 | H14: =F14*$H$2*$B14 -> 576 | I14: =I13*$B14 -> 240 | J14: =I14*J$2*$B14 -> 384 | K14: =I14*K$2*$B14 -> 1152 | L14: =L13*$B14 -> 240 | M14: =L14*M$2*$B14 -> 960 | N14: =L14*N$2*$B14 -> 576 | O14: =O13*$B14 -> 240 | P14: =O14*P$2*$B14 -> 384 | Q14: =O14*Q$2*$B14 -> 1152
A15: Level 50 - Base | B15: 1 | C15: =C13*4/3 -> 200 | D15: =C15*D$2*$B15 -> 400 | E15: =C15*$E$2*$B15 -> 400 | F15: =F13*4/3 -> 200 | G15: =F15*G$2*$B15 -> 500 | H15: =F15*$H$2*$B15 -> 300 | I15: =I13*4/3 -> 200 | J15: =I15*J$2*$B15 -> 200 | K15: =I15*K$2*$B15 -> 600 | L15: =L13*4/3 -> 200 | M15: =L15*M$2*$B15 -> 500 | N15: =L15*N$2*$B15 -> 300 | O15: =O13*4/3 -> 200 | P15: =O15*P$2*$B15 -> 200 | Q15: =O15*Q$2*$B15 -> 600
A16: Level 50 - Max | B16: 1.7 | C16: =C15*$B16 -> 340 | D16: =C16*D$2*$B16 -> 1156 | E16: =C16*$E$2*$B16 -> 1156 | F16: =F15*$B16 -> 340 | G16: =F16*G$2*$B16 -> 1445 | H16: =F16*$H$2*$B16 -> 867 | I16: =I15*$B16 -> 340 | J16: =I16*J$2*$B16 -> 578 | K16: =I16*K$2*$B16 -> 1734 | L16: =L15*$B16 -> 340 | M16: =L16*M$2*$B16 -> 1445 | N16: =L16*N$2*$B16 -> 867 | O16: =O15*$B16 -> 340 | P16: =O16*P$2*$B16 -> 578 | Q16: =O16*Q$2*$B16 -> 1734
A17: Level 70 - Base | B17: 1 | C17: =C15*1.5 -> 300 | D17: =C17*D$2*$B17 -> 600 | E17: =C17*$E$2*$B17 -> 600 | F17: =F15*1.5 -> 300 | G17: =F17*G$2*$B17 -> 750 | H17: =F17*$H$2*$B17 -> 450 | I17: =I15*1.5 -> 300 | J17: =I17*J$2*$B17 -> 300 | K17: =I17*K$2*$B17 -> 900 | L17: =L15*1.5 -> 300 | M17: =L17*M$2*$B17 -> 750 | N17: =L17*N$2*$B17 -> 450 | O17: =O15*1.5 -> 300 | P17: =O17*P$2*$B17 -> 300 | Q17: =O17*Q$2*$B17 -> 900
A18: Level 70 - Max | B18: 1.8 | C18: =C17*$B18 -> 540 | D18: =C18*D$2*$B18 -> 1944 | E18: =C18*$E$2*$B18 -> 1944 | F18: =F17*$B18 -> 540 | G18: =F18*G$2*$B18 -> 2430 | H18: =F18*$H$2*$B18 -> 1458 | I18: =I17*$B18 -> 540 | J18: =I18*J$2*$B18 -> 972 | K18: =I18*K$2*$B18 -> 2916 | L18: =L17*$B18 -> 540 | M18: =L18*M$2*$B18 -> 2430 | N18: =L18*N$2*$B18 -> 1458 | O18: =O17*$B18 -> 540 | P18: =O18*P$2*$B18 -> 972 | Q18: =O18*Q$2*$B18 -> 2916
A19: Level 90 - Base | B19: 1 | C19: =C17*4/3 -> 400 | D19: =C19*D$2*$B19 -> 800 | E19: =C19*$E$2*$B19 -> 800 | F19: =F17*4/3 -> 400 | G19: =F19*G$2*$B19 -> 1000 | H19: =F19*$H$2*$B19 -> 600 | I19: =I17*4/3 -> 400 | J19: =I19*J$2*$B19 -> 400 | K19: =I19*K$2*$B19 -> 1200 | L19: =L17*4/3 -> 400 | M19: =L19*M$2*$B19 -> 1000 | N19: =L19*N$2*$B19 -> 600 | O19: =O17*4/3 -> 400 | P19: =O19*P$2*$B19 -> 400 | Q19: =O19*Q$2*$B19 -> 1200
A20: Level 90 - Max | B20: 1.9 | C20: =C19*$B20 -> 760 | D20: =C20*D$2*$B20 -> 2888 | E20: =C20*$E$2*$B20 -> 2888 | F20: =F19*$B20 -> 760 | G20: =F20*G$2*$B20 -> 3610 | H20: =F20*$H$2*$B20 -> 2166 | I20: =I19*$B20 -> 760 | J20: =I20*J$2*$B20 -> 1444 | K20: =I20*K$2*$B20 -> 4332 | L20: =L19*$B20 -> 760 | M20: =L20*M$2*$B20 -> 3610 | N20: =L20*N$2*$B20 -> 2166 | O20: =O19*$B20 -> 760 | P20: =O20*P$2*$B20 -> 1444 | Q20: =O20*Q$2*$B20 -> 4332
A21: Level 100 - Base | B21: 1 | C21: =C19*5/4 -> 500 | D21: =C21*D$2*$B21 -> 1000 | E21: =C21*$E$2*$B21 -> 1000 | F21: =F19*5/4 -> 500 | G21: =F21*G$2*$B21 -> 1250 | H21: =F21*$H$2*$B21 -> 750 | I21: =I19*5/4 -> 500 | J21: =I21*J$2*$B21 -> 500 | K21: =I21*K$2*$B21 -> 1500 | L21: =L19*5/4 -> 500 | M21: =L21*M$2*$B21 -> 1250 | N21: =L21*N$2*$B21 -> 750 | O21: =O19*5/4 -> 500 | P21: =O21*P$2*$B21 -> 500 | Q21: =O21*Q$2*$B21 -> 1500
A22: Level 100 - Max | B22: 2 | C22: =C21*$B22 -> 1000 | D22: =C22*D$2*$B22 -> 4000 | E22: =C22*$E$2*$B22 -> 4000 | F22: =F21*$B22 -> 1000 | G22: =F22*G$2*$B22 -> 5000 | H22: =F22*$H$2*$B22 -> 3000 | I22: =I21*$B22 -> 1000 | J22: =I22*J$2*$B22 -> 2000 | K22: =I22*K$2*$B22 -> 6000 | L22: =L21*$B22 -> 1000 | M22: =L22*M$2*$B22 -> 5000 | N22: =L22*N$2*$B22 -> 3000 | O22: =O21*$B22 -> 1000 | P22: =O22*P$2*$B22 -> 2000 | Q22: =O22*Q$2*$B22 -> 6000

Sheet Test3 - A
A1: Name: Test3 | B1: Bonus (*X) | C1: Constitution | D1: Hit Points | E1: Exousia Capacity | F1: Strength | G1: Physical Damage | H1: Critical Hit Damage | I1: Dexterity | J1: Critical Hit Rate | K1: Accuracy | L1: Resonance | M1: Exousia Defense | N1: Exousia Recovery | O1: Agility | P1: Initiative | Q1: Evasion | R1: Stat Sum
A2: Modifier (*Y) | B2: LULZ | C2: 1 | D2: 2 | E2: 2 | F2: 1 | G2: 2.5 | H2: 1.5 | I2: 1 | J2: 1 | K2: 3 | L2: 1 | M2: 2.5 | N2: 1.5 | O2: 1 | P2: 1 | Q2: 3
A3: Level 1 - Base | B3: 1 | C3: 4 | D3: =C3*D2*$B3 -> 8 | E3: =C3*E2*$B3 -> 8 | F3: 3 | G3: =F3*G2*$B3 -> 7.5 | H3: =F3*H2*$B3 -> 4.5 | I3: 4 | J3: =I3*J2*$B3 -> 4 | K3: =I3*K$2*$B3 -> 12 | L3: 2 | M3: =L3*M2*$B3 -> 5 | N3: =N2*L3*$B3 -> 3 | O3: 3 | P3: =O3*P2*$B3 -> 3 | Q3: =Q2*O3*$B3 -> 9 | R3: =SUM(C3,F3,I3,L3,O3) -> 16
A4: Level 1 - Max | B4: 1.1 | C4: =C3*$B4 -> 4.4 | D4: =C4*D$2*$B4 -> 9.68 | E4: =C4*$E$2*$B4 -> 9.68 | F4: =F3*$B4 -> 3.3 | G4: =F4*G$2*$B4 -> 9.075 | H4: =F4*$H$2*$B4 -> 5.445 | I4: =I3*$B4 -> 4.4 | J4: =I4*J$2*$B4 -> 4.84 | K4: =I4*K$2*$B4 -> 14.52 | L4: =L3*$B4 -> 2.2 | M4: =L4*M$2*$B4 -> 6.05 | N4: =L4*N$2*$B4 -> 3.63 | O4: =O3*$B4 -> 3.3 | P4: =O4*P$2*$B4 -> 3.63 | Q4: =O4*Q$2*$B4 -> 10.89 | R4: =SUM(C4,F4,I4,L4,O4) -> 17.6
A5: Level 5 - Base | B5: 1 | C5: =C3*4 -> 16 | D5: =C5*D$2*$B5 -> 32 | E5: =C5*$E$2*$B5 -> 32 | F5: =F3*4 -> 12 | G5: =F5*G$2*$B5 -> 30 | H5: =F5*$H$2*$B5 -> 18 | I5: =I3*4 -> 16 | J5: =I5*J$2*$B5 -> 16 | K5: =I5*K$2*$B5 -> 48 | L5: =L3*4 -> 8 | M5: =L5*M$2*$B5 -> 20 | N5: =L5*N$2*$B5 -> 12 | O5: =O3*4 -> 12 | P5: =O5*P$2*$B5 -> 12 | Q5: =O5*Q$2*$B5 -> 36 | R5: =SUM(C5,F5,I5,L5,O5) -> 64
A6: Level 5 - Max | B6: 1.2 | C6: =C5*$B6 -> 19.2 | D6: =C6*D$2*$B6 -> 46.08 | E6: =C6*$E$2*$B6 -> 46.08 | F6: =F5*$B6 -> 14.4 | G6: =F6*G$2*$B6 -> 43.2 | H6: =F6*$H$2*$B6 -> 25.92 | I6: =I5*$B6 -> 19.2 | J6: =I6*J$2*$B6 -> 23.04 | K6: =I6*K$2*$B6 -> 69.12 | L6: =L5*$B6 -> 9.6 | M6: =L6*M$2*$B6 -> 28.8 | N6: =L6*N$2*$B6 -> 17.28 | O6: =O5*$B6 -> 14.4 | P6: =O6*P$2*$B6 -> 17.28 | Q6: =O6*Q$2*$B6 -> 51.84 | R6: =SUM(C6,F6,I6,L6,O6) -> 76.8
A7: Level 10 - Base | B7: 1 | C7: =C5*1.5 -> 24 | D7: =C7*D$2*$B7 -> 48 | E7: =C7*$E$2*$B7 -> 48 | F7: =F5*1.5 -> 18 | G7: =F7*G$2*$B7 -> 45 | H7: =F7*$H$2*$B7 -> 27 | I7: =I5*1.5 -> 24 | J7: =I7*J$2*$B7 -> 24 | K7: =I7*K$2*$B7 -> 72 | L7: =L5*1.5 -> 12 | M7: =L7*M$2*$B7 -> 30 | N7: =L7*N$2*$B7 -> 18 | O7: =O5*1.5 -> 18 | P7: =O7*P$2*$B7 -> 18 | Q7: =O7*Q$2*$B7 -> 54 | R7: =SUM(C7,F7,I7,L7,O7) -> 96
A8: Level 10 - Max | B8: 1.3 | C8: =C7*$B8 -> 31.2 | D8: =C8*D$2*$B8 -> 81.12 | E8: =C8*$E$2*$B8 -> 81.12 | F8: =F7*$B8 -> 23.4 | G8: =F8*G$2*$B8 -> 76.05 | H8: =F8*$H$2*$B8 -> 45.63 | I8: =I7*$B8 -> 31.2 | J8: =I8*J$2*$B8 -> 40.56 | K8: =I8*K$2*$B8 -> 121.68 | L8: =L7*$B8 -> 15.6 | M8: =L8*M$2*$B8 -> 50.7 | N8: =L8*N$2*$B8 -> 30.42 | O8: =O7*$B8 -> 23.4 | P8: =O8*P$2*$B8 -> 30.42 | Q8: =O8*Q$2*$B8 -> 91.26 | R8: =SUM(C8,F8,I8,L8,O8) -> 124.8
A9: Level 20 - Base | B9: 1 | C9: =C7*5/3 -> 40 | D9: =C9*D$2*$B9 -> 80 | E9: =C9*$E$2*$B9 -> 80 | F9: =F7*5/3 -> 30 | G9: =F9*G$2*$B9 -> 75 | H9: =F9*$H$2*$B9 -> 45 | I9: =I7*5/3 -> 40 | J9: =I9*J$2*$B9 -> 40 | K9: =I9*K$2*$B9 -> 120 | L9: =L7*5/3 -> 20 | M9: =L9*M$2*$B9 -> 50 | N9: =L9*N$2*$B9 -> 30 | O9: =O7*5/3 -> 30 | P9: =O9*P$2*$B9 -> 30 | Q9: =O9*Q$2*$B9 -> 90 | R9: =SUM(C9,F9,I9,L9,O9) -> 160
A10: Level 20 - Max | B10: 1.4 | C10: =C9*$B10 -> 56 | D10: =C10*D$2*$B10 -> 156.8 | E10: =C10*$E$2*$B10 -> 156.8 | F10: =F9*$B10 -> 42 | G10: =F10*G$2*$B10 -> 147 | H10: =F10*$H$2*$B10 -> 88.2 | I10: =I9*$B10 -> 56 | J10: =I10*J$2*$B10 -> 78.4 | K10: =I10*K$2*$B10 -> 235.2 | L10: =L9*$B10 -> 28 | M10: =L10*M$2*$B10 -> 98 | N10: =L10*N$2*$B10 -> 58.8 | O10: =O9*$B10 -> 42 | P10: =O10*P$2*$B10 -> 58.8 | Q10: =O10*Q$2*$B10 -> 176.4 | R10: =SUM(C10,F10,I10,L10,O10) -> 224
A11: Level 30 - Base | B11: 1 | C11: =C9*2 -> 80 | D11: =C11*D$2*$B11 -> 160 | E11: =C11*$E$2*$B11 -> 160 | F11: =F9*2 -> 60 | G11: =F11*G$2*$B11 -> 150 | H11: =F11*$H$2*$B11 -> 90 | I11: =I9*2 -> 80 | J11: =I11*J$2*$B11 -> 80 | K11: =I11*K$2*$B11 -> 240 | L11: =L9*2 -> 40 | M11: =L11*M$2*$B11 -> 100 | N11: =L11*N$2*$B11 -> 60 | O11: =O9*2 -> 60 | P11: =O11*P$2*$B11 -> 60 | Q11: =O11*Q$2*$B11 -> 180 | R11: =SUM(C11,F11,I11,L11,O11) -> 320
A12: Level 30 - Max | B12: 1.5 | C12: =C11*$B12 -> 120 | D12: =C12*D$2*$B12 -> 360 | E12: =C12*$E$2*$B12 -> 360 | F12: =F11*$B12 -> 90 | G12: =F12*G$2*$B12 -> 337.5 | H12: =F12*$H$2*$B12 -> 202.5 | I12: =I11*$B12 -> 120 | J12: =I12*J$2*$B12 -> 180 | K12: =I12*K$2*$B12 -> 540 | L12: =L11*$B12 -> 60 | M12: =L12*M$2*$B12 -> 225 | N12: =L12*N$2*$B12 -> 135 | O12: =O11*$B12 -> 90 | P12: =O12*P$2*$B12 -> 135 | Q12: =O12*Q$2*$B12 -> 405 | R12: =SUM(C12,F12,I12,L12,O12) -> 480
A13: Level 40 - Base | B13: 1 | C13: =C11*1.5 -> 120 | D13: =C13*D$2*$B13 -> 240 | E13: =C13*$E$2*$B13 -> 240 | F13: =F11*1.5 -> 90 | G13: =F13*G$2*$B13 -> 225 | H13: =F13*$H$2*$B13 -> 135 | I13: =I11*1.5 -> 120 | J13: =I13*J$2*$B13 -> 120 | K13: =I13*K$2*$B13 -> 360 | L13: =L11*1.5 -> 60 | M13: =L13*M$2*$B13 -> 150 | N13: =L13*N$2*$B13 -> 90 | O13: =O11*1.5 -> 90 | P13: =O13*P$2*$B13 -> 90 | Q13: =O13*Q$2*$B13 -> 270 | R13: =SUM(C13,F13,I13,L13,O13) -> 480
A14: Level 40 - Max | B14: 1.6 | C14: =C13*$B14 -> 192 | D14: =C14*D$2*$B14 -> 614.4 | E14: =C14*$E$2*$B14 -> 614.4 | F14: =F13*$B14 -> 144 | G14: =F14*G$2*$B14 -> 576 | H14: =F14*$H$2*$B14 -> 345.6 | I14: =I13*$B14 -> 192 | J14: =I14*J$2*$B14 -> 307.2 | K14: =I14*K$2*$B14 -> 921.6 | L14: =L13*$B14 -> 96 | M14: =L14*M$2*$B14 -> 384 | N14: =L14*N$2*$B14 -> 230.4 | O14: =O13*$B14 -> 144 | P14: =O14*P$2*$B14 -> 230.4 | Q14: =O14*Q$2*$B14 -> 691.2 | R14: =SUM(C14,F14,I14,L14,O14) -> 768
A15: Level 50 - Base | B15: 1 | C15: =C13*4/3 -> 160 | D15: =C15*D$2*$B15 -> 320 | E15: =C15*$E$2*$B15 -> 320 | F15: =F13*4/3 -> 120 | G15: =F15*G$2*$B15 -> 300 | H15: =F15*$H$2*$B15 -> 180 | I15: =I13*4/3 -> 160 | J15: =I15*J$2*$B15 -> 160 | K15: =I15*K$2*$B15 -> 480 | L15: =L13*4/3 -> 80 | M15: =L15*M$2*$B15 -> 200 | N15: =L15*N$2*$B15 -> 120 | O15: =O13*4/3 -> 120 | P15: =O15*P$2*$B15 -> 120 | Q15: =O15*Q$2*$B15 -> 360 | R15: =SUM(C15,F15,I15,L15,O15) -> 640
A16: Level 50 - Max | B16: 1.7 | C16: =C15*$B16 -> 272 | D16: =C16*D$2*$B16 -> 924.8 | E16: =C16*$E$2*$B16 -> 924.8 | F16: =F15*$B16 -> 204 | G16: =F16*G$2*$B16 -> 867 | H16: =F16*$H$2*$B16 -> 520.2 | I16: =I15*$B16 -> 272 | J16: =I16*J$2*$B16 -> 462.4 | K16: =I16*K$2*$B16 -> 1387.2 | L16: =L15*$B16 -> 136 | M16: =L16*M$2*$B16 -> 578 | N16: =L16*N$2*$B16 -> 346.8 | O16: =O15*$B16 -> 204 | P16: =O16*P$2*$B16 -> 346.8 | Q16: =O16*Q$2*$B16 -> 1040.4 | R16: =SUM(C16,F16,I16,L16,O16) -> 1088
A17: Level 70 - Base | B17: 1 | C17: =C15*1.5 -> 240 | D17: =C17*D$2*$B17 -> 480 | E17: =C17*$E$2*$B17 -> 480 | F17: =F15*1.5 -> 180 | G17: =F17*G$2*$B17 -> 450 | H17: =F17*$H$2*$B17 -> 270 | I17: =I15*1.5 -> 240 | J17: =I17*J$2*$B17 -> 240 | K17: =I17*K$2*$B17 -> 720 | L17: =L15*1.5 -> 120 | M17: =L17*M$2*$B17 -> 300 | N17: =L17*N$2*$B17 -> 180 | O17: =O15*1.5 -> 180 | P17: =O17*P$2*$B17 -> 180 | Q17: =O17*Q$2*$B17 -> 540 | R17: =SUM(C17,F17,I17,L17,O17) -> 960
A18: Level 70 - Max | B18: 1.8 | C18: =C17*$B18 -> 432 | D18: =C18*D$2*$B18 -> 1555.2 | E18: =C18*$E$2*$B18 -> 1555.2 | F18: =F17*$B18 -> 324 | G18: =F18*G$2*$B18 -> 1458 | H18: =F18*$H$2*$B18 -> 874.8 | I18: =I17*$B18 -> 432 | J18: =I18*J$2*$B18 -> 777.6 | K18: =I18*K$2*$B18 -> 2332.8 | L18: =L17*$B18 -> 216 | M18: =L18*M$2*$B18 -> 972 | N18: =L18*N$2*$B18 -> 583.2 | O18: =O17*$B18 -> 324 | P18: =O18*P$2*$B18 -> 583.2 | Q18: =O18*Q$2*$B18 -> 1749.6 | R18: =SUM(C18,F18,I18,L18,O18) -> 1728
A19: Level 90 - Base | B19: 1 | C19: =C17*4/3 -> 320 | D19: =C19*D$2*$B19 -> 640 | E19: =C19*$E$2*$B19 -> 640 | F19: =F17*4/3 -> 240 | G19: =F19*G$2*$B19 -> 600 | H19: =F19*$H$2*$B19 -> 360 | I19: =I17*4/3 -> 320 | J19: =I19*J$2*$B19 -> 320 | K19: =I19*K$2*$B19 -> 960 | L19: =L17*4/3 -> 160 | M19: =L19*M$2*$B19 -> 400 | N19: =L19*N$2*$B19 -> 240 | O19: =O17*4/3 -> 240 | P19: =O19*P$2*$B19 -> 240 | Q19: =O19*Q$2*$B19 -> 720 | R19: =SUM(C19,F19,I19,L19,O19) -> 1280
A20: Level 90 - Max | B20: 1.9 | C20: =C19*$B20 -> 608 | D20: =C20*D$2*$B20 -> 2310.4 | E20: =C20*$E$2*$B20 -> 2310.4 | F20: =F19*$B20 -> 456 | G20: =F20*G$2*$B20 -> 2166 | H20: =F20*$H$2*$B20 -> 1299.6 | I20: =I19*$B20 -> 608 | J20: =I20*J$2*$B20 -> 1155.2 | K20: =I20*K$2*$B20 -> 3465.6 | L20: =L19*$B20 -> 304 | M20: =L20*M$2*$B20 -> 1444 | N20: =L20*N$2*$B20 -> 866.4 | O20: =O19*$B20 -> 456 | P20: =O20*P$2*$B20 -> 866.4 | Q20: =O20*Q$2*$B20 -> 2599.2 | R20: =SUM(C20,F20,I20,L20,O20) -> 2432
A21: Level 100 - Base | B21: 1 | C21: =C19*5/4 -> 400 | D21: =C21*D$2*$B21 -> 800 | E21: =C21*$E$2*$B21 -> 800 | F21: =F19*5/4 -> 300 | G21: =F21*G$2*$B21 -> 750 | H21: =F21*$H$2*$B21 -> 450 | I21: =I19*5/4 -> 400 | J21: =I21*J$2*$B21 -> 400 | K21: =I21*K$2*$B21 -> 1200 | L21: =L19*5/4 -> 200 | M21: =L21*M$2*$B21 -> 500 | N21: =L21*N$2*$B21 -> 300 | O21: =O19*5/4 -> 300 | P21: =O21*P$2*$B21 -> 300 | Q21: =O21*Q$2*$B21 -> 900 | R21: =SUM(C21,F21,I21,L21,O21) -> 1600
A22: Level 100 - Max | B22: 2 | C22: =C21*$B22 -> 800 | D22: =C22*D$2*$B22 -> 3200 | E22: =C22*$E$2*$B22 -> 3200 | F22: =F21*$B22 -> 600 | G22: =F22*G$2*$B22 -> 3000 | H22: =F22*$H$2*$B22 -> 1800 | I22: =I21*$B22 -> 800 | J22: =I22*J$2*$B22 -> 1600 | K22: =I22*K$2*$B22 -> 4800 | L22: =L21*$B22 -> 400 | M22: =L22*M$2*$B22 -> 2000 | N22: =L22*N$2*$B22 -> 1200 | O22: =O21*$B22 -> 600 | P22: =O22*P$2*$B22 -> 1200 | Q22: =O22*Q$2*$B22 -> 3600 | R22: =SUM(C22,F22,I22,L22,O22) -> 3200

Sheet Test4
A1: Name: Test3 | B1: Bonus (*X) | C1: Constitution | D1: Hit Points | E1: Exousia Capacity | F1: Strength | G1: Physical Damage | H1: Critical Hit Damage | I1: Dexterity | J1: Critical Hit Rate | K1: Accuracy | L1: Resonance | M1: Exousia Defense | N1: Exousia Recovery | O1: Agility | P1: Initiative | Q1: Evasion | R1: Stat Sum | S1: Armor
A2: Modifier (*Y) | B2: LULZ | C2: 1 | D2: 2 | E2: 2 | F2: 1 | G2: 2.5 | H2: 1.5 | I2: 1 | J2: 1 | K2: 3 | L2: 1 | M2: 2.5 | N2: 1.5 | O2: 1 | P2: 1 | Q2: 3
A3: Level 1 - Base | B3: 1 | C3: 5 | D3: =C3*D2*$B3 -> 10 | E3: =C3*E2*$B3 -> 10 | F3: 3 | G3: =F3*G2*$B3 -> 7.5 | H3: =F3*H2*$B3 -> 4.5 | I3: 4 | J3: =I3*J2*$B3 -> 4 | K3: =I3*K$2*$B3 -> 12 | L3: 2 | M3: =L3*M2*$B3 -> 5 | N3: =N2*L3*$B3 -> 3 | O3: 3 | P3: =O3*P2*$B3 -> 3 | Q3: =Q2*O3*$B3 -> 9 | R3: =SUM(C3,F3,I3,L3,O3) -> 17
A4: Level 1 - Max | B4: 1.1 | C4: =C3*$B4 -> 5.5 | D4: =C4*D$2*$B4 -> 12.1 | E4: =C4*$E$2*$B4 -> 12.1 | F4: =F3*$B4 -> 3.3 | G4: =F4*G$2*$B4 -> 9.075 | H4: =F4*$H$2*$B4 -> 5.445 | I4: =I3*$B4 -> 4.4 | J4: =I4*J$2*$B4 -> 4.84 | K4: =I4*K$2*$B4 -> 14.52 | L4: =L3*$B4 -> 2.2 | M4: =L4*M$2*$B4 -> 6.05 | N4: =L4*N$2*$B4 -> 3.63 | O4: =O3*$B4 -> 3.3 | P4: =O4*P$2*$B4 -> 3.63 | Q4: =O4*Q$2*$B4 -> 10.89 | R4: =SUM(C4,F4,I4,L4,O4) -> 18.7
A5: Level 5 - Base | B5: 1 | C5: =C3*4 -> 20 | D5: =C5*D$2*$B5 -> 40 | E5: =C5*$E$2*$B5 -> 40 | F5: =F3*4 -> 12 | G5: =F5*G$2*$B5 -> 30 | H5: =F5*$H$2*$B5 -> 18 | I5: =I3*4 -> 16 | J5: =I5*J$2*$B5 -> 16 | K5: =I5*K$2*$B5 -> 48 | L5: =L3*4 -> 8 | M5: =L5*M$2*$B5 -> 20 | N5: =L5*N$2*$B5 -> 12 | O5: =O3*4 -> 12 | P5: =O5*P$2*$B5 -> 12 | Q5: =O5*Q$2*$B5 -> 36 | R5: =SUM(C5,F5,I5,L5,O5) -> 68
A6: Level 5 - Max | B6: 1.2 | C6: =C5*$B6 -> 24 | D6: =C6*D$2*$B6 -> 57.6 | E6: =C6*$E$2*$B6 -> 57.6 | F6: =F5*$B6 -> 14.4 | G6: =F6*G$2*$B6 -> 43.2 | H6: =F6*$H$2*$B6 -> 25.92 | I6: =I5*$B6 -> 19.2 | J6: =I6*J$2*$B6 -> 23.04 | K6: =I6*K$2*$B6 -> 69.12 | L6: =L5*$B6 -> 9.6 | M6: =L6*M$2*$B6 -> 28.8 | N6: =L6*N$2*$B6 -> 17.28 | O6: =O5*$B6 -> 14.4 | P6: =O6*P$2*$B6 -> 17.28 | Q6: =O6*Q$2*$B6 -> 51.84 | R6: =SUM(C6,F6,I6,L6,O6) -> 81.6
A7: Level 10 - Base | B7: 1 | C7: =C5*1.5 -> 30 | D7: =C7*D$2*$B7 -> 60 | E7: =C7*$E$2*$B7 -> 60 | F7: =F5*1.5 -> 18 | G7: =F7*G$2*$B7 -> 45 | H7: =F7*$H$2*$B7 -> 27 | I7: =I5*1.5 -> 24 | J7: =I7*J$2*$B7 -> 24 | K7: =I7*K$2*$B7 -> 72 | L7: =L5*1.5 -> 12 | M7: =L7*M$2*$B7 -> 30 | N7: =L7*N$2*$B7 -> 18 | O7: =O5*1.5 -> 18 | P7: =O7*P$2*$B7 -> 18 | Q7: =O7*Q$2*$B7 -> 54 | R7: =SUM(C7,F7,I7,L7,O7) -> 102
A8: Level 10 - Max | B8: 1.3 | C8: =C7*$B8 -> 39 | D8: =C8*D$2*$B8 -> 101.4 | E8: =C8*$E$2*$B8 -> 101.4 | F8: =F7*$B8 -> 23.4 | G8: =F8*G$2*$B8 -> 76.05 | H8: =F8*$H$2*$B8 -> 45.63 | I8: =I7*$B8 -> 31.2 | J8: =I8*J$2*$B8 -> 40.56 | K8: =I8*K$2*$B8 -> 121.68 | L8: =L7*$B8 -> 15.6 | M8: =L8*M$2*$B8 -> 50.7 | N8: =L8*N$2*$B8 -> 30.42 | O8: =O7*$B8 -> 23.4 | P8: =O8*P$2*$B8 -> 30.42 | Q8: =O8*Q$2*$B8 -> 91.26 | R8: =SUM(C8,F8,I8,L8,O8) -> 132.6
A9: Level 20 - Base | B9: 1 | C9: =C7*5/3 -> 50 | D9: =C9*D$2*$B9 -> 100 | E9: =C9*$E$2*$B9 -> 100 | F9: =F7*5/3 -> 30 | G9: =F9*G$2*$B9 -> 75 | H9: =F9*$H$2*$B9 -> 45 | I9: =I7*5/3 -> 40 | J9: =I9*J$2*$B9 -> 40 | K9: =I9*K$2*$B9 -> 120 | L9: =L7*5/3 -> 20 | M9: =L9*M$2*$B9 -> 50 | N9: =L9*N$2*$B9 -> 30 | O9: =O7*5/3 -> 30 | P9: =O9*P$2*$B9 -> 30 | Q9: =O9*Q$2*$B9 -> 90 | R9: =SUM(C9,F9,I9,L9,O9) -> 170
A10: Level 20 - Max | B10: 1.4 | C10: =C9*$B10 -> 70 | D10: =C10*D$2*$B10 -> 196 | E10: =C10*$E$2*$B10 -> 196 | F10: =F9*$B10 -> 42 | G10: =F10*G$2*$B10 -> 147 | H10: =F10*$H$2*$B10 -> 88.2 | I10: =I9*$B10 -> 56 | J10: =I10*J$2*$B10 -> 78.4 | K10: =I10*K$2*$B10 -> 235.2 | L10: =L9*$B10 -> 28 | M10: =L10*M$2*$B10 -> 98 | N10: =L10*N$2*$B10 -> 58.8 | O10: =O9*$B10 -> 42 | P10: =O10*P$2*$B10 -> 58.8 | Q10: =O10*Q$2*$B10 -> 176.4 | R10: =SUM(C10,F10,I10,L10,O10) -> 238
A11: Level 30 - Base | B11: 1 | C11: =C9*2 -> 100 | D11: =C11*D$2*$B11 -> 200 | E11: =C11*$E$2*$B11 -> 200 | F11: =F9*2 -> 60 | G11: =F11*G$2*$B11 -> 150 | H11: =F11*$H$2*$B11 -> 90 | I11: =I9*2 -> 80 | J11: =I11*J$2*$B11 -> 80 | K11: =I11*K$2*$B11 -> 240 | L11: =L9*2 -> 40 | M11: =L11*M$2*$B11 -> 100 | N11: =L11*N$2*$B11 -> 60 | O11: =O9*2 -> 60 | P11: =O11*P$2*$B11 -> 60 | Q11: =O11*Q$2*$B11 -> 180 | R11: =SUM(C11,F11,I11,L11,O11) -> 340
A12: Level 30 - Max | B12: 1.5 | C12: =C11*$B12 -> 150 | D12: =C12*D$2*$B12 -> 450 | E12: =C12*$E$2*$B12 -> 450 | F12: =F11*$B12 -> 90 | G12: =F12*G$2*$B12 -> 337.5 | H12: =F12*$H$2*$B12 -> 202.5 | I12: =I11*$B12 -> 120 | J12: =I12*J$2*$B12 -> 180 | K12: =I12*K$2*$B12 -> 540 | L12: =L11*$B12 -> 60 | M12: =L12*M$2*$B12 -> 225 | N12: =L12*N$2*$B12 -> 135 | O12: =O11*$B12 -> 90 | P12: =O12*P$2*$B12 -> 135 | Q12: =O12*Q$2*$B12 -> 405 | R12: =SUM(C12,F12,I12,L12,O12) -> 510
A13: Level 40 - Base | B13: 1 | C13: =C11*1.5 -> 150 | D13: =C13*D$2*$B13 -> 300 | E13: =C13*$E$2*$B13 -> 300 | F13: =F11*1.5 -> 90 | G13: =F13*G$2*$B13 -> 225 | H13: =F13*$H$2*$B13 -> 135 | I13: =I11*1.5 -> 120 | J13: =I13*J$2*$B13 -> 120 | K13: =I13*K$2*$B13 -> 360 | L13: =L11*1.5 -> 60 | M13: =L13*M$2*$B13 -> 150 | N13: =L13*N$2*$B13 -> 90 | O13: =O11*1.5 -> 90 | P13: =O13*P$2*$B13 -> 90 | Q13: =O13*Q$2*$B13 -> 270 | R13: =SUM(C13,F13,I13,L13,O13) -> 510
A14: Level 40 - Max | B14: 1.6 | C14: =C13*$B14 -> 240 | D14: =C14*D$2*$B14 -> 768 | E14: =C14*$E$2*$B14 -> 768 | F14: =F13*$B14 -> 144 | G14: =F14*G$2*$B14 -> 576 | H14: =F14*$H$2*$B14 -> 345.6 | I14: =I13*$B14 -> 192 | J14: =I14*J$2*$B14 -> 307.2 | K14: =I14*K$2*$B14 -> 921.6 | L14: =L13*$B14 -> 96 | M14: =L14*M$2*$B14 -> 384 | N14: =L14*N$2*$B14 -> 230.4 | O14: =O13*$B14 -> 144 | P14: =O14*P$2*$B14 -> 230.4 | Q14: =O14*Q$2*$B14 -> 691.2 | R14: =SUM(C14,F14,I14,L14,O14) -> 816
A15: Level 50 - Base | B15: 1 | C15: =C13*4/3 -> 200 | D15: =C15*D$2*$B15 -> 400 | E15: =C15*$E$2*$B15 -> 400 | F15: =F13*4/3 -> 120 | G15: =F15*G$2*$B15 -> 300 | H15: =F15*$H$2*$B15 -> 180 | I15: =I13*4/3 -> 160 | J15: =I15*J$2*$B15 -> 160 | K15: =I15*K$2*$B15 -> 480 | L15: =L13*4/3 -> 80 | M15: =L15*M$2*$B15 -> 200 | N15: =L15*N$2*$B15 -> 120 | O15: =O13*4/3 -> 120 | P15: =O15*P$2*$B15 -> 120 | Q15: =O15*Q$2*$B15 -> 360 | R15: =SUM(C15,F15,I15,L15,O15) -> 680
A16: Level 50 - Max | B16: 1.7 | C16: =C15*$B16 -> 340 | D16: =C16*D$2*$B16 -> 1156 | E16: =C16*$E$2*$B16 -> 1156 | F16: =F15*$B16 -> 204 | G16: =F16*G$2*$B16 -> 867 | H16: =F16*$H$2*$B16 -> 520.2 | I16: =I15*$B16 -> 272 | J16: =I16*J$2*$B16 -> 462.4 | K16: =I16*K$2*$B16 -> 1387.2 | L16: =L15*$B16 -> 136 | M16: =L16*M$2*$B16 -> 578 | N16: =L16*N$2*$B16 -> 346.8 | O16: =O15*$B16 -> 204 | P16: =O16*P$2*$B16 -> 346.8 | Q16: =O16*Q$2*$B16 -> 1040.4 | R16: =SUM(C16,F16,I16,L16,O16) -> 1156
A17: Level 70 - Base | B17: 1 | C17: =C15*1.5 -> 300 | D17: =C17*D$2*$B17 -> 600 | E17: =C17*$E$2*$B17 -> 600 | F17: =F15*1.5 -> 180 | G17: =F17*G$2*$B17 -> 450 | H17: =F17*$H$2*$B17 -> 270 | I17: =I15*1.5 -> 240 | J17: =I17*J$2*$B17 -> 240 | K17: =I17*K$2*$B17 -> 720 | L17: =L15*1.5 -> 120 | M17: =L17*M$2*$B17 -> 300 | N17: =L17*N$2*$B17 -> 180 | O17: =O15*1.5 -> 180 | P17: =O17*P$2*$B17 -> 180 | Q17: =O17*Q$2*$B17 -> 540 | R17: =SUM(C17,F17,I17,L17,O17) -> 1020
A18: Level 70 - Max | B18: 1.8 | C18: =C17*$B18 -> 540 | D18: =C18*D$2*$B18 -> 1944 | E18: =C18*$E$2*$B18 -> 1944 | F18: =F17*$B18 -> 324 | G18: =F18*G$2*$B18 -> 1458 | H18: =F18*$H$2*$B18 -> 874.8 | I18: =I17*$B18 -> 432 | J18: =I18*J$2*$B18 -> 777.6 | K18: =I18*K$2*$B18 -> 2332.8 | L18: =L17*$B18 -> 216 | M18: =L18*M$2*$B18 -> 972 | N18: =L18*N$2*$B18 -> 583.2 | O18: =O17*$B18 -> 324 | P18: =O18*P$2*$B18 -> 583.2 | Q18: =O18*Q$2*$B18 -> 1749.6 | R18: =SUM(C18,F18,I18,L18,O18) -> 1836
A19: Level 90 - Base | B19: 1 | C19: =C17*4/3 -> 400 | D19: =C19*D$2*$B19 -> 800 | E19: =C19*$E$2*$B19 -> 800 | F19: =F17*4/3 -> 240 | G19: =F19*G$2*$B19 -> 600 | H19: =F19*$H$2*$B19 -> 360 | I19: =I17*4/3 -> 320 | J19: =I19*J$2*$B19 -> 320 | K19: =I19*K$2*$B19 -> 960 | L19: =L17*4/3 -> 160 | M19: =L19*M$2*$B19 -> 400 | N19: =L19*N$2*$B19 -> 240 | O19: =O17*4/3 -> 240 | P19: =O19*P$2*$B19 -> 240 | Q19: =O19*Q$2*$B19 -> 720 | R19: =SUM(C19,F19,I19,L19,O19) -> 1360
A20: Level 90 - Max | B20: 1.9 | C20: =C19*$B20 -> 760 | D20: =C20*D$2*$B20 -> 2888 | E20: =C20*$E$2*$B20 -> 2888 | F20: =F19*$B20 -> 456 | G20: =F20*G$2*$B20 -> 2166 | H20: =F20*$H$2*$B20 -> 1299.6 | I20: =I19*$B20 -> 608 | J20: =I20*J$2*$B20 -> 1155.2 | K20: =I20*K$2*$B20 -> 3465.6 | L20: =L19*$B20 -> 304 | M20: =L20*M$2*$B20 -> 1444 | N20: =L20*N$2*$B20 -> 866.4 | O20: =O19*$B20 -> 456 | P20: =O20*P$2*$B20 -> 866.4 | Q20: =O20*Q$2*$B20 -> 2599.2 | R20: =SUM(C20,F20,I20,L20,O20) -> 2584
A21: Level 100 - Base | B21: 1 | C21: =C19*5/4 -> 500 | D21: =C21*D$2*$B21 -> 1000 | E21: =C21*$E$2*$B21 -> 1000 | F21: =F19*5/4 -> 300 | G21: =F21*G$2*$B21 -> 750 | H21: =F21*$H$2*$B21 -> 450 | I21: =I19*5/4 -> 400 | J21: =I21*J$2*$B21 -> 400 | K21: =I21*K$2*$B21 -> 1200 | L21: =L19*5/4 -> 200 | M21: =L21*M$2*$B21 -> 500 | N21: =L21*N$2*$B21 -> 300 | O21: =O19*5/4 -> 300 | P21: =O21*P$2*$B21 -> 300 | Q21: =O21*Q$2*$B21 -> 900 | R21: =SUM(C21,F21,I21,L21,O21) -> 1700
A22: Level 100 - Max | B22: 2 | C22: =C21*$B22 -> 1000 | D22: =C22*D$2*$B22 -> 4000 | E22: =C22*$E$2*$B22 -> 4000 | F22: =F21*$B22 -> 600 | G22: =F22*G$2*$B22 -> 3000 | H22: =F22*$H$2*$B22 -> 1800 | I22: =I21*$B22 -> 800 | J22: =I22*J$2*$B22 -> 1600 | K22: =I22*K$2*$B22 -> 4800 | L22: =L21*$B22 -> 400 | M22: =L22*M$2*$B22 -> 2000 | N22: =L22*N$2*$B22 -> 1200 | O22: =O21*$B22 -> 600 | P22: =O22*P$2*$B22 -> 1200 | Q22: =O22*Q$2*$B22 -> 3600 | R22: =SUM(C22,F22,I22,L22,O22) -> 3400

Sheet Test3 - Table 1
B1: Stat Sum
A3: ='Test3 - A'!$A3 -> Level 1 - Base | B3: ='Test3 - A'!C3+'Test3 - A'!F3+'Test3 - A'!I3+'Test3 - A'!L3+'Test3 - A'!O3 -> 16
A4: ='Test3 - A'!$A4 -> Level 1 - Max | B4: ='Test3 - A'!C4+'Test3 - A'!F4+'Test3 - A'!I4+'Test3 - A'!L4+'Test3 - A'!O4 -> 17.6
A5: ='Test3 - A'!$A5 -> Level 5 - Base | B5: ='Test3 - A'!C5+'Test3 - A'!F5+'Test3 - A'!I5+'Test3 - A'!L5+'Test3 - A'!O5 -> 64
A6: ='Test3 - A'!$A6 -> Level 5 - Max | B6: ='Test3 - A'!C6+'Test3 - A'!F6+'Test3 - A'!I6+'Test3 - A'!L6+'Test3 - A'!O6 -> 76.8
A7: ='Test3 - A'!$A7 -> Level 10 - Base | B7: ='Test3 - A'!C7+'Test3 - A'!F7+'Test3 - A'!I7+'Test3 - A'!L7+'Test3 - A'!O7 -> 96
A8: ='Test3 - A'!$A8 -> Level 10 - Max | B8: ='Test3 - A'!C8+'Test3 - A'!F8+'Test3 - A'!I8+'Test3 - A'!L8+'Test3 - A'!O8 -> 124.8
A9: ='Test3 - A'!$A9 -> Level 20 - Base | B9: ='Test3 - A'!C9+'Test3 - A'!F9+'Test3 - A'!I9+'Test3 - A'!L9+'Test3 - A'!O9 -> 160
A10: ='Test3 - A'!$A10 -> Level 20 - Max | B10: ='Test3 - A'!C10+'Test3 - A'!F10+'Test3 - A'!I10+'Test3 - A'!L10+'Test3 - A'!O10 -> 224
A11: ='Test3 - A'!$A11 -> Level 30 - Base | B11: ='Test3 - A'!C11+'Test3 - A'!F11+'Test3 - A'!I11+'Test3 - A'!L11+'Test3 - A'!O11 -> 320
A12: ='Test3 - A'!$A12 -> Level 30 - Max | B12: ='Test3 - A'!C12+'Test3 - A'!F12+'Test3 - A'!I12+'Test3 - A'!L12+'Test3 - A'!O12 -> 480
A13: ='Test3 - A'!$A13 -> Level 40 - Base | B13: ='Test3 - A'!C13+'Test3 - A'!F13+'Test3 - A'!I13+'Test3 - A'!L13+'Test3 - A'!O13 -> 480
A14: ='Test3 - A'!$A14 -> Level 40 - Max | B14: ='Test3 - A'!C14+'Test3 - A'!F14+'Test3 - A'!I14+'Test3 - A'!L14+'Test3 - A'!O14 -> 768
... A22: ='Test3 - A'!$A22 -> Level 100 - Max | B22: ='Test3 - A'!C22+'Test3 - A'!F22+'Test3 - A'!I22+'Test3 - A'!L22+'Test3 - A'!O22 -> 3200
